<application>
  <component name="GeneralSettings">
    <option name="confirmExit" value="false" />
  </component>
  <component name="Registry">
    <entry key="android.gradle.project.startup.activity.disabled" value="true" />
    <entry key="unknown.sdk.auto" value="false" />
    <entry key="caches.scanningThreadsCount" value="12" />
    <entry key="android.sdk.local.properties.update.disabled" value="true" />
    <entry key="ide.experimental.ui" value="true" />
    <entry key="ide.text.fractional.metrics" value="[Auto|Disabled|Enabled*]" />
    <entry key="gradle.auto.auto.jdk.fix.disabled" value="true" />
    <entry key="maven.create.dummy.module.on.first.import" value="false" />
    <entry key="external.system.auto.import.disabled" value="true" />
    <entry key="ide.experimental.ui.inter.font" value="false" />
    <entry key="debugger.new.tool.window.layout" value="false" />
    <entry key="idea.plugins.compatible.build" value="" />
  </component>
</application>